original_filename,original_path,new_filename,new_path
Agriculture.jpg,Agriculture.jpg,jobsite-agriculture-field-equipment-01.jpg,assets_renamed/jobsites/jobsite-agriculture-field-equipment-01.jpg
Airports and Ground Service Providers.jpg,Airports and Ground Service Providers.jpg,jobsite-airport-ground-service-tarmac-01.jpg,assets_renamed/jobsites/jobsite-airport-ground-service-tarmac-01.jpg
BusCompanies.jpg,BusCompanies.jpg,jobsite-bus-company-fleet-yard-01.jpg,assets_renamed/jobsites/jobsite-bus-company-fleet-yard-01.jpg
Car Dealerships.jpg,Car Dealerships.jpg,jobsite-car-dealership-lot-aerial-01.jpg,assets_renamed/jobsites/jobsite-car-dealership-lot-aerial-01.jpg
Construction.jpg,Construction.jpg,jobsite-construction-excavator-site-01.jpg,assets_renamed/jobsites/jobsite-construction-excavator-site-01.jpg
Data Centers.jpg,Data Centers.jpg,jobsite-data-center-server-room-01.jpg,assets_renamed/jobsites/jobsite-data-center-server-room-01.jpg
Hospitals and Healthcare Facilities.jpg,Hospitals and Healthcare Facilities.jpg,jobsite-hospital-healthcare-facility-01.jpg,assets_renamed/jobsites/jobsite-hospital-healthcare-facility-01.jpg
MArinas.jpg,MArinas.jpg,jobsite-marina-boats-dock-01.jpg,assets_renamed/jobsites/jobsite-marina-boats-dock-01.jpg
Manufacturing.jpg,Manufacturing.jpg,jobsite-manufacturing-industrial-facility-01.jpg,assets_renamed/jobsites/jobsite-manufacturing-industrial-facility-01.jpg
Mining and Quarry.jpg,Mining and Quarry.jpg,jobsite-mining-quarry-excavation-01.jpg,assets_renamed/jobsites/jobsite-mining-quarry-excavation-01.jpg
municipalities.jpg,municipalities.jpg,jobsite-municipality-city-services-01.jpg,assets_renamed/jobsites/jobsite-municipality-city-services-01.jpg
powerplants.jpg,powerplants.jpg,jobsite-power-plant-energy-facility-01.jpg,assets_renamed/jobsites/jobsite-power-plant-energy-facility-01.jpg
scrapmetal.jpg,scrapmetal.jpg,jobsite-scrap-metal-recycling-yard-01.jpg,assets_renamed/jobsites/jobsite-scrap-metal-recycling-yard-01.jpg
scrapmetal2.jpg,scrapmetal2.jpg,jobsite-scrap-metal-recycling-yard-02.jpg,assets_renamed/jobsites/jobsite-scrap-metal-recycling-yard-02.jpg
taxi.jpg,taxi.jpg,jobsite-taxi-fleet-vehicles-01.jpg,assets_renamed/jobsites/jobsite-taxi-fleet-vehicles-01.jpg
truckstop.jpg,truckstop.jpg,jobsite-truck-stop-fueling-station-01.jpg,assets_renamed/jobsites/jobsite-truck-stop-fueling-station-01.jpg
logo_main.png,logo_main.png,branding-fox-fuel-logo-main-01.png,assets_renamed/branding/branding-fox-fuel-logo-main-01.png
Gemini_Generated_Image_75jxw275jxw275jx.png,Gemini_Generated_Image_75jxw275jxw275jx.png,fuelcube-portable-tank-jobsite-render-01.png,assets_renamed/fuelcubes/fuelcube-portable-tank-jobsite-render-01.png
Gemini_Generated_Image_acahviacahviacah.png,Gemini_Generated_Image_acahviacahviacah.png,fuelcube-portable-tank-jobsite-render-02.png,assets_renamed/fuelcubes/fuelcube-portable-tank-jobsite-render-02.png
Gemini_Generated_Image_cv1xwkcv1xwkcv1x.png,Gemini_Generated_Image_cv1xwkcv1xwkcv1x.png,fuelcube-portable-tank-jobsite-render-03.png,assets_renamed/fuelcubes/fuelcube-portable-tank-jobsite-render-03.png
Gemini_Generated_Image_gxia9xgxia9xgxia.png,Gemini_Generated_Image_gxia9xgxia9xgxia.png,fuelcube-portable-tank-jobsite-render-04.png,assets_renamed/fuelcubes/fuelcube-portable-tank-jobsite-render-04.png
Gemini_Generated_Image_kpw0hbkpw0hbkpw0.png,Gemini_Generated_Image_kpw0hbkpw0hbkpw0.png,fuelcube-portable-tank-jobsite-render-05.png,assets_renamed/fuelcubes/fuelcube-portable-tank-jobsite-render-05.png
Gemini_Generated_Image_mh92yhmh92yhmh92.png,Gemini_Generated_Image_mh92yhmh92yhmh92.png,fuelcube-portable-tank-jobsite-render-06.png,assets_renamed/fuelcubes/fuelcube-portable-tank-jobsite-render-06.png
Gemini_Generated_Image_pgx7bmpgx7bmpgx7.png,Gemini_Generated_Image_pgx7bmpgx7bmpgx7.png,fuelcube-portable-tank-jobsite-render-07.png,assets_renamed/fuelcubes/fuelcube-portable-tank-jobsite-render-07.png
Gemini_Generated_Image_qzyhbsqzyhbsqzyh.png,Gemini_Generated_Image_qzyhbsqzyhbsqzyh.png,fuelcube-portable-tank-jobsite-render-08.png,assets_renamed/fuelcubes/fuelcube-portable-tank-jobsite-render-08.png
unnamed.jpg,unnamed.jpg,jobsite-truck-stop-fueling-station-02.jpg,assets_renamed/jobsites/jobsite-truck-stop-fueling-station-02.jpg
12unnamed.jpg,12unnamed.jpg,fuelcube-1000gal-white-tank-jobsite-01.jpg,assets_renamed/fuelcubes/fuelcube-1000gal-white-tank-jobsite-01.jpg
unnamed (1).jpg,unnamed (1).jpg,fuelcube-double-wall-tank-red-cabinet-01.jpg,assets_renamed/fuelcubes/fuelcube-double-wall-tank-red-cabinet-01.jpg
unnamed (2).jpg,unnamed (2).jpg,equipment-fuel-pump-dispenser-cabinet-01.jpg,assets_renamed/equipment/equipment-fuel-pump-dispenser-cabinet-01.jpg
unnamed (3).jpg,unnamed (3).jpg,fuelcube-portable-tank-construction-site-01.jpg,assets_renamed/fuelcubes/fuelcube-portable-tank-construction-site-01.jpg
unnamed (4).jpg,unnamed (4).jpg,equipment-fuel-hose-nozzle-closeup-01.jpg,assets_renamed/equipment/equipment-fuel-hose-nozzle-closeup-01.jpg
unnamed (5).jpg,unnamed (5).jpg,fuelcube-white-tank-industrial-setting-01.jpg,assets_renamed/fuelcubes/fuelcube-white-tank-industrial-setting-01.jpg
unnamed (6).jpg,unnamed (6).jpg,fuelcube-portable-tank-construction-site-02.jpg,assets_renamed/fuelcubes/fuelcube-portable-tank-construction-site-02.jpg
unnamed (7).jpg,unnamed (7).jpg,equipment-fuel-pump-cabinet-red-01.jpg,assets_renamed/equipment/equipment-fuel-pump-cabinet-red-01.jpg
unnamed (8).jpg,unnamed (8).jpg,equipment-fuel-dispenser-pump-system-01.jpg,assets_renamed/equipment/equipment-fuel-dispenser-pump-system-01.jpg
unnamed (9).jpg,unnamed (9).jpg,compliance-ul142-tank-label-certification-01.jpg,assets_renamed/compliance/compliance-ul142-tank-label-certification-01.jpg
unnamed (10).jpg,unnamed (10).jpg,fuelcube-1000gal-white-tank-jobsite-02.jpg,assets_renamed/fuelcubes/fuelcube-1000gal-white-tank-jobsite-02.jpg
unnamed (11).jpg,unnamed (11).jpg,equipment-fuel-cabinet-pump-system-01.jpg,assets_renamed/equipment/equipment-fuel-cabinet-pump-system-01.jpg
unnamed (12).jpg,unnamed (12).jpg,fuelcube-portable-tank-white-outdoor-01.jpg,assets_renamed/fuelcubes/fuelcube-portable-tank-white-outdoor-01.jpg
unnamed (13).jpg,unnamed (13).jpg,fuelcube-double-wall-tank-industrial-01.jpg,assets_renamed/fuelcubes/fuelcube-double-wall-tank-industrial-01.jpg
unnamed (14).jpg,unnamed (14).jpg,truck-fox-fuel-delivery-vehicle-branded-01.jpg,assets_renamed/trucks/truck-fox-fuel-delivery-vehicle-branded-01.jpg
unnamed (15).jpg,unnamed (15).jpg,truck-fox-fuel-tanker-delivery-route-01.jpg,assets_renamed/trucks/truck-fox-fuel-tanker-delivery-route-01.jpg
home_hero_background.png,homepage/home_hero_background.png,ui-homepage-hero-background-gradient-01.png,assets_renamed/ui/ui-homepage-hero-background-gradient-01.png
home_advantages_bg.png,homepage/home_advantages_bg.png,ui-homepage-advantages-section-background-01.png,assets_renamed/ui/ui-homepage-advantages-section-background-01.png
home_industries_bg.png,homepage/home_industries_bg.png,ui-homepage-industries-section-background-01.png,assets_renamed/ui/ui-homepage-industries-section-background-01.png
home_advantage_1.png,homepage/home_advantage_1.png,ui-homepage-advantage-icon-uptime-01.png,assets_renamed/ui/ui-homepage-advantage-icon-uptime-01.png
home_advantage_2.png,homepage/home_advantage_2.png,ui-homepage-advantage-icon-service-01.png,assets_renamed/ui/ui-homepage-advantage-icon-service-01.png
home_advantage_3.png,homepage/home_advantage_3.png,ui-homepage-advantage-icon-compliance-01.png,assets_renamed/ui/ui-homepage-advantage-icon-compliance-01.png
home_advantage_4.png,homepage/home_advantage_4.png,ui-homepage-advantage-icon-safety-01.png,assets_renamed/ui/ui-homepage-advantage-icon-safety-01.png
home_service_1.png,homepage/home_service_1.png,ui-homepage-service-card-delivery-01.png,assets_renamed/ui/ui-homepage-service-card-delivery-01.png
home_service_2.png,homepage/home_service_2.png,ui-homepage-service-card-monitoring-01.png,assets_renamed/ui/ui-homepage-service-card-monitoring-01.png
home_service_3.png,homepage/home_service_3.png,ui-homepage-service-card-maintenance-01.png,assets_renamed/ui/ui-homepage-service-card-maintenance-01.png
home_service_4.png,homepage/home_service_4.png,ui-homepage-service-card-support-01.png,assets_renamed/ui/ui-homepage-service-card-support-01.png
home_industry_air.png,homepage/home_industry_air.png,ui-homepage-industry-card-aviation-01.png,assets_renamed/ui/ui-homepage-industry-card-aviation-01.png
home_industry_con.png,homepage/home_industry_con.png,ui-homepage-industry-card-construction-01.png,assets_renamed/ui/ui-homepage-industry-card-construction-01.png
unnamed.jpg,120325/unnamed.jpg,fuelcube-990gal-double-wall-tank-spec-01.jpg,assets_renamed/fuelcubes/fuelcube-990gal-double-wall-tank-spec-01.jpg
unnamed (1).jpg,120325/unnamed (1).jpg,fuelcube-990gal-tank-front-view-01.jpg,assets_renamed/fuelcubes/fuelcube-990gal-tank-front-view-01.jpg
unnamed (2).jpg,120325/unnamed (2).jpg,fuelcube-tank-control-panel-closeup-01.jpg,assets_renamed/fuelcubes/fuelcube-tank-control-panel-closeup-01.jpg
unnamed (3).jpg,120325/unnamed (3).jpg,fuelcube-tank-side-view-details-01.jpg,assets_renamed/fuelcubes/fuelcube-tank-side-view-details-01.jpg
unnamed (4).jpg,120325/unnamed (4).jpg,fuelcube-tank-connection-ports-01.jpg,assets_renamed/fuelcubes/fuelcube-tank-connection-ports-01.jpg
unnamed (5).jpg,120325/unnamed (5).jpg,fuelcube-tank-rear-view-details-01.jpg,assets_renamed/fuelcubes/fuelcube-tank-rear-view-details-01.jpg
unnamed (6).jpg,120325/unnamed (6).jpg,fuelcube-990gal-tank-full-view-02.jpg,assets_renamed/fuelcubes/fuelcube-990gal-tank-full-view-02.jpg
unnamed (7).jpg,120325/unnamed (7).jpg,equipment-fuel-pump-cabinet-installation-01.jpg,assets_renamed/equipment/equipment-fuel-pump-cabinet-installation-01.jpg
unnamed (8).jpg,120325/unnamed (8).jpg,fuelcube-tank-top-view-vents-01.jpg,assets_renamed/fuelcubes/fuelcube-tank-top-view-vents-01.jpg
unnamed (9).jpg,120325/unnamed (9).jpg,compliance-tank-data-plate-specifications-01.jpg,assets_renamed/compliance/compliance-tank-data-plate-specifications-01.jpg
unnamed (10).jpg,120325/unnamed (10).jpg,compliance-ul142-certification-label-01.jpg,assets_renamed/compliance/compliance-ul142-certification-label-01.jpg
unnamed (11).jpg,120325/unnamed (11).jpg,compliance-tank-nameplate-details-01.jpg,assets_renamed/compliance/compliance-tank-nameplate-details-01.jpg
unnamed (12).jpg,120325/unnamed (12).jpg,equipment-tank-gauge-monitor-system-01.jpg,assets_renamed/equipment/equipment-tank-gauge-monitor-system-01.jpg
unnamed (13).jpg,120325/unnamed (13).jpg,equipment-fuel-filter-assembly-01.jpg,assets_renamed/equipment/equipment-fuel-filter-assembly-01.jpg
unnamed (14).jpg,120325/unnamed (14).jpg,compliance-safety-warning-labels-01.jpg,assets_renamed/compliance/compliance-safety-warning-labels-01.jpg
unnamed (15).jpg,120325/unnamed (15).jpg,compliance-tank-certification-plate-01.jpg,assets_renamed/compliance/compliance-tank-certification-plate-01.jpg
unnamed (16).jpg,120325/unnamed (16).jpg,equipment-tank-valve-assembly-01.jpg,assets_renamed/equipment/equipment-tank-valve-assembly-01.jpg
unnamed (17).jpg,120325/unnamed (17).jpg,equipment-fuel-line-connections-01.jpg,assets_renamed/equipment/equipment-fuel-line-connections-01.jpg
unnamed (18).jpg,120325/unnamed (18).jpg,compliance-product-identification-label-01.jpg,assets_renamed/compliance/compliance-product-identification-label-01.jpg
unnamed (19).jpg,120325/unnamed (19).jpg,compliance-safety-instructions-label-01.jpg,assets_renamed/compliance/compliance-safety-instructions-label-01.jpg
unnamed (20).jpg,120325/unnamed (20).jpg,equipment-tank-vent-system-01.jpg,assets_renamed/equipment/equipment-tank-vent-system-01.jpg
unnamed (21).jpg,120325/unnamed (21).jpg,equipment-fuel-dispenser-hose-assembly-01.jpg,assets_renamed/equipment/equipment-fuel-dispenser-hose-assembly-01.jpg
unnamed (22).jpg,120325/unnamed (22).jpg,equipment-tank-mounting-bracket-01.jpg,assets_renamed/equipment/equipment-tank-mounting-bracket-01.jpg
unnamed.jpg,NEW/unnamed.jpg,composite-homepage-truck-fuelcube-multi-industry-01.jpg,assets_renamed/composite/composite-homepage-truck-fuelcube-multi-industry-01.jpg
unnamed (1).jpg,NEW/unnamed (1).jpg,composite-aerial-facility-fuelcube-delivery-truck-01.jpg,assets_renamed/composite/composite-aerial-facility-fuelcube-delivery-truck-01.jpg
unnamed (2).jpg,NEW/unnamed (2).jpg,composite-multi-industry-diverse-fuel-solutions-01.jpg,assets_renamed/composite/composite-multi-industry-diverse-fuel-solutions-01.jpg
unnamed (3).jpg,NEW/unnamed (3).jpg,composite-aerial-multi-site-fuelcube-deployment-01.jpg,assets_renamed/composite/composite-aerial-multi-site-fuelcube-deployment-01.jpg
unnamed (4).jpg,NEW/unnamed (4).jpg,operations-active-delivery-truck-refilling-tank-01.jpg,assets_renamed/operations/operations-active-delivery-truck-refilling-tank-01.jpg
unnamed (5).jpg,NEW/unnamed (5).jpg,operations-worker-refueling-equipment-fuelcube-01.jpg,assets_renamed/operations/operations-worker-refueling-equipment-fuelcube-01.jpg
unnamed (6).jpg,NEW/unnamed (6).jpg,operations-installation-crane-positioning-fuelcube-01.jpg,assets_renamed/operations/operations-installation-crane-positioning-fuelcube-01.jpg
unnamed (7).jpg,NEW/unnamed (7).jpg,operations-site-assessment-rep-evaluating-location-01.jpg,assets_renamed/operations/operations-site-assessment-rep-evaluating-location-01.jpg
unnamed (8).jpg,NEW/unnamed (8).jpg,operations-fleet-yard-aerial-vehicles-fuelcube-01.jpg,assets_renamed/operations/operations-fleet-yard-aerial-vehicles-fuelcube-01.jpg
unnamed (9).jpg,NEW/unnamed (9).jpg,operations-construction-jobsite-active-refueling-01.jpg,assets_renamed/operations/operations-construction-jobsite-active-refueling-01.jpg
unnamed (10).jpg,NEW/unnamed (10).jpg,ui-monitoring-dashboard-fuel-levels-analytics-01.jpg,assets_renamed/ui/ui-monitoring-dashboard-fuel-levels-analytics-01.jpg
unnamed (11).jpg,NEW/unnamed (11).jpg,ui-fuel-management-dashboard-consumption-graphs-01.jpg,assets_renamed/ui/ui-fuel-management-dashboard-consumption-graphs-01.jpg
unnamed (12).jpg,NEW/unnamed (12).jpg,ui-monitoring-screen-delivery-scheduling-data-01.jpg,assets_renamed/ui/ui-monitoring-screen-delivery-scheduling-data-01.jpg
unnamed (13).jpg,NEW/unnamed (13).jpg,equipment-generator-setup-fuelcube-backup-power-01.jpg,assets_renamed/equipment/equipment-generator-setup-fuelcube-backup-power-01.jpg
unnamed (14).jpg,NEW/unnamed (14).jpg,operations-before-after-comparison-downtime-vs-onsite-01.jpg,assets_renamed/operations/operations-before-after-comparison-downtime-vs-onsite-01.jpg
unnamed (15).jpg,NEW/unnamed (15).jpg,facilities-foxfuel-operations-center-dispatch-01.jpg,assets_renamed/facilities/facilities-foxfuel-operations-center-dispatch-01.jpg
unnamed (16).jpg,NEW/unnamed (16).jpg,facilities-customer-service-center-support-team-01.jpg,assets_renamed/facilities/facilities-customer-service-center-support-team-01.jpg
unnamed (17).jpg,NEW/unnamed (17).jpg,personnel-foxfuel-representative-site-assessment-01.jpg,assets_renamed/personnel/personnel-foxfuel-representative-site-assessment-01.jpg
unnamed (18).jpg,NEW/unnamed (18).jpg,personnel-technician-installing-servicing-equipment-01.jpg,assets_renamed/personnel/personnel-technician-installing-servicing-equipment-01.jpg
unnamed (19).jpg,NEW/unnamed (19).jpg,personnel-worker-safety-gear-refueling-equipment-01.jpg,assets_renamed/personnel/personnel-worker-safety-gear-refueling-equipment-01.jpg
unnamed (20).jpg,NEW/unnamed (20).jpg,personnel-fleet-manager-tablet-monitoring-data-01.jpg,assets_renamed/personnel/personnel-fleet-manager-tablet-monitoring-data-01.jpg
unnamed (21).jpg,NEW/unnamed (21).jpg,personnel-customer-service-rep-assisting-client-01.jpg,assets_renamed/personnel/personnel-customer-service-rep-assisting-client-01.jpg
unnamed (22).jpg,NEW/unnamed (22).jpg,aerial-multi-site-deployment-multiple-facilities-01.jpg,assets_renamed/aerial/aerial-multi-site-deployment-multiple-facilities-01.jpg
unnamed (23).jpg,NEW/unnamed (23).jpg,aerial-fleet-yard-organized-parking-fuelcube-01.jpg,assets_renamed/aerial/aerial-fleet-yard-organized-parking-fuelcube-01.jpg
unnamed (24).jpg,NEW/unnamed (24).jpg,aerial-construction-site-large-project-tanks-01.jpg,assets_renamed/aerial/aerial-construction-site-large-project-tanks-01.jpg
unnamed (25).jpg,NEW/unnamed (25).jpg,aerial-industrial-facility-fuel-infrastructure-01.jpg,assets_renamed/aerial/aerial-industrial-facility-fuel-infrastructure-01.jpg
unnamed (26).jpg,NEW/unnamed (26).jpg,aerial-mining-operation-remote-fuelcube-01.jpg,assets_renamed/aerial/aerial-mining-operation-remote-fuelcube-01.jpg
unnamed (27).jpg,NEW/unnamed (27).jpg,infographic-tier-comparison-elite-advantage-access-01.jpg,assets_renamed/infographics/infographic-tier-comparison-elite-advantage-access-01.jpg
unnamed (28).jpg,NEW/unnamed (28).jpg,infographic-cost-savings-fuel-reduction-chart-01.jpg,assets_renamed/infographics/infographic-cost-savings-fuel-reduction-chart-01.jpg
unnamed (29).jpg,NEW/unnamed (29).jpg,infographic-workflow-diagram-five-step-process-01.jpg,assets_renamed/infographics/infographic-workflow-diagram-five-step-process-01.jpg
unnamed (27).jpg,NEW/unnamed (27).jpg,infographic-commercial-model-comparison-loan-rental-purchase-01.jpg,assets_renamed/infographics/infographic-commercial-model-comparison-loan-rental-purchase-01.jpg
unnamed.jpg,NEW/phase2/unnamed.jpg,services-bulk-fuel-delivery-truck-storage-tank-01.jpg,assets_renamed/services/services-bulk-fuel-delivery-truck-storage-tank-01.jpg
unnamed (1).jpg,NEW/phase2/unnamed (1).jpg,services-bulk-delivery-aerial-facility-tanks-01.jpg,assets_renamed/services/services-bulk-delivery-aerial-facility-tanks-01.jpg
unnamed (2).jpg,NEW/phase2/unnamed (2).jpg,services-fleet-fueling-yard-morning-operations-01.jpg,assets_renamed/services/services-fleet-fueling-yard-morning-operations-01.jpg
unnamed (3).jpg,NEW/phase2/unnamed (3).jpg,services-fleet-fueling-manager-monitoring-tablet-01.jpg,assets_renamed/services/services-fleet-fueling-manager-monitoring-tablet-01.jpg
unnamed (4).jpg,NEW/phase2/unnamed (4).jpg,services-jobsite-fueling-remote-mining-equipment-01.jpg,assets_renamed/services/services-jobsite-fueling-remote-mining-equipment-01.jpg
unnamed (5).jpg,NEW/phase2/unnamed (5).jpg,services-jobsite-fueling-aerial-multiple-tanks-01.jpg,assets_renamed/services/services-jobsite-fueling-aerial-multiple-tanks-01.jpg
unnamed (6).jpg,NEW/phase2/unnamed (6).jpg,services-generator-fueling-data-center-backup-01.jpg,assets_renamed/services/services-generator-fueling-data-center-backup-01.jpg
unnamed (7).jpg,NEW/phase2/unnamed (7).jpg,services-generator-fueling-hospital-critical-power-01.jpg,assets_renamed/services/services-generator-fueling-hospital-critical-power-01.jpg
unnamed (8).jpg,NEW/phase2/unnamed (8).jpg,services-monitoring-technician-equipment-check-01.jpg,assets_renamed/services/services-monitoring-technician-equipment-check-01.jpg
unnamed (9).jpg,NEW/phase2/unnamed (9).jpg,services-monitoring-aerial-multi-site-infrastructure-01.jpg,assets_renamed/services/services-monitoring-aerial-multi-site-infrastructure-01.jpg
unnamed (10).jpg,NEW/phase2/unnamed (10).jpg,services-fuelcube-placement-crane-installation-01.jpg,assets_renamed/services/services-fuelcube-placement-crane-installation-01.jpg
unnamed (11).jpg,NEW/phase2/unnamed (11).jpg,services-fuelcube-placement-completed-fleet-yard-01.jpg,assets_renamed/services/services-fuelcube-placement-completed-fleet-yard-01.jpg
unnamed (12).jpg,NEW/phase2/unnamed (12).jpg,programs-tier-elite-high-volume-multi-shift-01.jpg,assets_renamed/programs/programs-tier-elite-high-volume-multi-shift-01.jpg
unnamed (13).jpg,NEW/phase2/unnamed (13).jpg,programs-tier-elite-monitoring-hourly-updates-01.jpg,assets_renamed/programs/programs-tier-elite-monitoring-hourly-updates-01.jpg
unnamed (14).jpg,NEW/phase2/unnamed (14).jpg,programs-tier-advantage-standard-commercial-facility-01.jpg,assets_renamed/programs/programs-tier-advantage-standard-commercial-facility-01.jpg
unnamed (15).jpg,NEW/phase2/unnamed (15).jpg,programs-tier-advantage-daily-monitoring-manager-01.jpg,assets_renamed/programs/programs-tier-advantage-daily-monitoring-manager-01.jpg
unnamed (16).jpg,NEW/phase2/unnamed (16).jpg,programs-tier-access-temporary-construction-project-01.jpg,assets_renamed/programs/programs-tier-access-temporary-construction-project-01.jpg
unnamed (17).jpg,NEW/phase2/unnamed (17).jpg,programs-tier-access-seasonal-agriculture-harvest-01.jpg,assets_renamed/programs/programs-tier-access-seasonal-agriculture-harvest-01.jpg
unnamed (18).jpg,NEW/phase2/unnamed (18).jpg,programs-loan-high-volume-construction-multi-tanks-01.jpg,assets_renamed/programs/programs-loan-high-volume-construction-multi-tanks-01.jpg
unnamed (19).jpg,NEW/phase2/unnamed (19).jpg,programs-loan-fleet-yard-zero-equipment-cost-01.jpg,assets_renamed/programs/programs-loan-fleet-yard-zero-equipment-cost-01.jpg
unnamed (20).jpg,NEW/phase2/unnamed (20).jpg,programs-rental-temporary-project-flexible-terms-01.jpg,assets_renamed/programs/programs-rental-temporary-project-flexible-terms-01.jpg
unnamed (21).jpg,NEW/phase2/unnamed (21).jpg,programs-rental-seasonal-agriculture-monthly-rental-01.jpg,assets_renamed/programs/programs-rental-seasonal-agriculture-monthly-rental-01.jpg
unnamed (22).jpg,NEW/phase2/unnamed (22).jpg,programs-purchase-permanent-industrial-facility-01.jpg,assets_renamed/programs/programs-purchase-permanent-industrial-facility-01.jpg
unnamed (23).jpg,NEW/phase2/unnamed (23).jpg,programs-purchase-generator-backup-customer-owned-01.jpg,assets_renamed/programs/programs-purchase-generator-backup-customer-owned-01.jpg
unnamed (24).jpg,NEW/phase2/unnamed (24).jpg,resources-case-study-construction-improved-efficiency-01.jpg,assets_renamed/resources/resources-case-study-construction-improved-efficiency-01.jpg
unnamed (25).jpg,NEW/phase2/unnamed (25).jpg,resources-case-study-fleet-reduced-downtime-01.jpg,assets_renamed/resources/resources-case-study-fleet-reduced-downtime-01.jpg
unnamed (26).jpg,NEW/phase2/unnamed (26).jpg,resources-case-study-industrial-backup-reliability-01.jpg,assets_renamed/resources/resources-case-study-industrial-backup-reliability-01.jpg
unnamed (27).jpg,NEW/phase2/unnamed (27).jpg,resources-guide-fuel-cost-management-analysis-01.jpg,assets_renamed/resources/resources-guide-fuel-cost-management-analysis-01.jpg
unnamed (30).jpg,NEW/phase2/unnamed (30).jpg,resources-guide-monitoring-best-practices-dashboard-01.jpg,assets_renamed/resources/resources-guide-monitoring-best-practices-dashboard-01.jpg
